<?xml version="1.0" encoding="UTF-8" ?>
<!DOCTYPE mapper PUBLIC "-//mybatis.org//DTD Mapper 3.0//EN" 
"http://mybatis.org/dtd/mybatis-3-mapper.dtd">

<mapper namespace="user">
	<resultMap type="org.okou.mybatis.sqlmap.model.User" id="User" />
    <select id="select" parameterType="int" resultMap="User">
        select * from `user` where id = #{id}
    </select>
    <update id="update">
		<!-- update sql -->
	</update>
	<insert id="insert">
		<!-- insert sql -->
	</insert>
	<delete id="delete">
		<!-- delete sql -->
	</delete>
</mapper>