<?xml version="1.0" encoding="UTF-8" ?>
<!DOCTYPE sqlMap PUBLIC "-//ibatis.apache.org//DTD SQL Map 2.0//EN" "http://ibatis.apache.org/dtd/sql-map-2.dtd" >
<sqlMap namespace="user">
	<typeAlias alias="User" type="org.okou.ibatis.model.User"/>
	<resultMap class="User" id="User">
	</resultMap>
	
	<select id="select" resultClass="User">
		select * from user 
		<dynamic prepend="where">
			<isNotNull property="id" prepend="and">
				id=#id#
			</isNotNull>
		</dynamic>
	</select>
    <update id="update">
		<!-- update sql -->
	</update>
	<insert id="insert">
		<!-- insert sql -->
	</insert>
	<delete id="delete">
		<!-- delete sql -->
	</delete>
</sqlMap>
