<beans xmlns="http://www.springframework.org/schema/beans"
	xmlns:xsi="http://www.w3.org/2001/XMLSchema-instance" xmlns:aop="http://www.springframework.org/schema/aop"
	xmlns:tx="http://www.springframework.org/schema/tx" xmlns:context="http://www.springframework.org/schema/context"
	xmlns:lang="http://www.springframework.org/schema/lang" xmlns:util="http://www.springframework.org/schema/util"
	xsi:schemaLocation="http://www.springframework.org/schema/beans
		http://www.springframework.org/schema/beans/spring-beans-3.0.xsd
		http://www.springframework.org/schema/aop
		http://www.springframework.org/schema/aop/spring-aop-3.0.xsd
		http://www.springframework.org/schema/tx
		http://www.springframework.org/schema/tx/spring-tx-3.0.xsd
		http://www.springframework.org/schema/context
		http://www.springframework.org/schema/context/spring-context-3.0.xsd
		http://www.springframework.org/schema/lang
		http://www.springframework.org/schema/lang/spring-lang-3.0.xsd
		http://www.springframework.org/schema/util
		http://www.springframework.org/schema/util/spring-util-3.0.xsd">

	<!-- 支持多properties文件 -->
	<bean id="propertyPlaceholderConfigurer"
		class="org.springframework.beans.factory.config.PropertyPlaceholderConfigurer">
		<property name="locations">
			<list>
				<value>classpath:config/dataSource.properties</value>
			</list>
		</property>
		<property name="ignoreResourceNotFound" value="true" />
		<property name="fileEncoding" value="utf-8" />
	</bean>
</beans>